filename,Mouth,Nasal,Skin,Stool
ID_YBNOYC.mgb,0,0,0,0
ID_HPVLUO.mgb,0,0,0,0
ID_DQGGYD.mgb,0,0,0,0
ID_XZBUJB.mgb,0,0,0,0
ID_KRPYRQ.mgb,0,0,0,0
ID_RCYKMF.mgb,0,0,0,0
ID_PDGUOD.mgb,0,0,0,0
ID_JMGROA.mgb,0,0,0,0
ID_UUMDMC.mgb,0,0,0,0
ID_ZCEXAD.mgb,0,0,0,0
ID_YXYPNE.mgb,0,0,0,0
ID_HTVJNB.mgb,0,0,0,0
ID_IKMAKG.mgb,0,0,0,0
ID_MPRONQ.mgb,0,0,0,0
ID_ZDXTOM.mgb,0,0,0,0
ID_CRIKEW.mgb,0,0,0,0
ID_PVDPOY.mgb,0,0,0,0
ID_VAYSCY.mgb,0,0,0,0
ID_UGKPXK.mgb,0,0,0,0
ID_QLOFSU.mgb,0,0,0,0
ID_CGQXZL.mgb,0,0,0,0
ID_PLDVLB.mgb,0,0,0,0
ID_DLHWNC.mgb,0,0,0,0
ID_JTSIEM.mgb,0,0,0,0
ID_GITYQY.mgb,0,0,0,0
ID_PPXPKV.mgb,0,0,0,0
ID_SMBIHP.mgb,0,0,0,0
ID_VAESYJ.mgb,0,0,0,0
ID_AWDNCQ.mgb,0,0,0,0
ID_FSVRAD.mgb,0,0,0,0
ID_PVTQFI.mgb,0,0,0,0
ID_EAPIEV.mgb,0,0,0,0
ID_WAZIVO.mgb,0,0,0,0
ID_FGIJSX.mgb,0,0,0,0
ID_WLRZRX.mgb,0,0,0,0
ID_QKFDBL.mgb,0,0,0,0
ID_SUTSJH.mgb,0,0,0,0
ID_MNFBKJ.mgb,0,0,0,0
ID_BAFNRW.mgb,0,0,0,0
ID_WCZJPK.mgb,0,0,0,0
ID_LJQFWN.mgb,0,0,0,0
ID_RKOHFR.mgb,0,0,0,0
ID_CURUPB.mgb,0,0,0,0
ID_HLDEDL.mgb,0,0,0,0
ID_QHHFWC.mgb,0,0,0,0
ID_KWOISI.mgb,0,0,0,0
ID_DZYFXF.mgb,0,0,0,0
ID_PROOUK.mgb,0,0,0,0
ID_BZUXXM.mgb,0,0,0,0
ID_LMPJDC.mgb,0,0,0,0
ID_WFEQIT.mgb,0,0,0,0
ID_UJTQRO.mgb,0,0,0,0
ID_YVMIEX.mgb,0,0,0,0
ID_AKWSZD.mgb,0,0,0,0
ID_RWUAEX.mgb,0,0,0,0
ID_IBKNZU.mgb,0,0,0,0
ID_CKYLDD.mgb,0,0,0,0
ID_AIVFAZ.mgb,0,0,0,0
ID_OTAMKM.mgb,0,0,0,0
ID_DCMDEF.mgb,0,0,0,0
ID_UYOVRS.mgb,0,0,0,0
ID_WPGKPU.mgb,0,0,0,0
ID_ODOOCR.mgb,0,0,0,0
ID_AMUYDZ.mgb,0,0,0,0
ID_DLQHZF.mgb,0,0,0,0
ID_DZKIUK.mgb,0,0,0,0
ID_LFXTMI.mgb,0,0,0,0
ID_HGAKXN.mgb,0,0,0,0
ID_QLLZQZ.mgb,0,0,0,0
ID_NMGGYU.mgb,0,0,0,0
ID_NGRGOW.mgb,0,0,0,0
ID_YDZRTT.mgb,0,0,0,0
ID_HWKIFI.mgb,0,0,0,0
ID_QQBJRO.mgb,0,0,0,0
ID_UJWTRH.mgb,0,0,0,0
ID_ZCOHNC.mgb,0,0,0,0
ID_EGSYYO.mgb,0,0,0,0
ID_RSCGZV.mgb,0,0,0,0
ID_BMTDZO.mgb,0,0,0,0
ID_NZMCVC.mgb,0,0,0,0
ID_IBNEAO.mgb,0,0,0,0
ID_REULJL.mgb,0,0,0,0
ID_BPZJQD.mgb,0,0,0,0
ID_CAMNHK.mgb,0,0,0,0
ID_REYPNJ.mgb,0,0,0,0
ID_RLMZSH.mgb,0,0,0,0
ID_RMLFIJ.mgb,0,0,0,0
ID_NRSIYE.mgb,0,0,0,0
ID_TTRXNQ.mgb,0,0,0,0
ID_WACWNE.mgb,0,0,0,0
ID_MSTDFL.mgb,0,0,0,0
ID_GCQNBX.mgb,0,0,0,0
ID_EWZCIA.mgb,0,0,0,0
ID_WWPMSP.mgb,0,0,0,0
ID_EOMOBF.mgb,0,0,0,0
ID_MSZOIE.mgb,0,0,0,0
ID_DSPHUD.mgb,0,0,0,0
ID_BYCFRG.mgb,0,0,0,0
ID_FQMGPK.mgb,0,0,0,0
ID_UBTHLE.mgb,0,0,0,0
ID_NMOUMD.mgb,0,0,0,0
ID_FYCAFU.mgb,0,0,0,0
ID_HTVKWC.mgb,0,0,0,0
ID_FXILGC.mgb,0,0,0,0
ID_TBMOOG.mgb,0,0,0,0
ID_CZJPWJ.mgb,0,0,0,0
ID_IVTLDU.mgb,0,0,0,0
ID_EXIPCZ.mgb,0,0,0,0
ID_XVKNSD.mgb,0,0,0,0
ID_FGBIVM.mgb,0,0,0,0
ID_MNOFUX.mgb,0,0,0,0
ID_QKHPMH.mgb,0,0,0,0
ID_TIVDWG.mgb,0,0,0,0
ID_AYUWST.mgb,0,0,0,0
ID_WFREVI.mgb,0,0,0,0
ID_LRVSVW.mgb,0,0,0,0
ID_AWHBEB.mgb,0,0,0,0
ID_HCITXL.mgb,0,0,0,0
ID_QUMMZT.mgb,0,0,0,0
ID_SXCZVK.mgb,0,0,0,0
ID_MCMKMO.mgb,0,0,0,0
ID_SHDKUX.mgb,0,0,0,0
ID_TBIUHC.mgb,0,0,0,0
ID_CCNTTA.mgb,0,0,0,0
ID_CYRXBM.mgb,0,0,0,0
ID_BGUKXP.mgb,0,0,0,0
ID_XLUWLV.mgb,0,0,0,0
ID_RCJRPR.mgb,0,0,0,0
ID_UMYAFU.mgb,0,0,0,0
ID_MDTLYS.mgb,0,0,0,0
ID_GKGCDS.mgb,0,0,0,0
ID_CRRLME.mgb,0,0,0,0
ID_EJUYIB.mgb,0,0,0,0
ID_LUMPGJ.mgb,0,0,0,0
ID_RUQJUY.mgb,0,0,0,0
ID_YTOJQQ.mgb,0,0,0,0
ID_SEZDZP.mgb,0,0,0,0
ID_LTOUMX.mgb,0,0,0,0
ID_ZIMSNW.mgb,0,0,0,0
ID_EKMJZC.mgb,0,0,0,0
ID_LHOFOL.mgb,0,0,0,0
ID_ZPRUAS.mgb,0,0,0,0
ID_VMCDLK.mgb,0,0,0,0
ID_VFYRUF.mgb,0,0,0,0
ID_KIGPAK.mgb,0,0,0,0
ID_OUKSSJ.mgb,0,0,0,0
ID_ELCGSP.mgb,0,0,0,0
ID_XHTZCI.mgb,0,0,0,0
ID_MMPFYM.mgb,0,0,0,0
ID_QAGXOK.mgb,0,0,0,0
ID_IBCCFS.mgb,0,0,0,0
ID_QWQZCT.mgb,0,0,0,0
ID_VRTYHC.mgb,0,0,0,0
ID_RIKUDS.mgb,0,0,0,0
ID_YWBMIU.mgb,0,0,0,0
ID_IPIIVK.mgb,0,0,0,0
ID_PGWIWQ.mgb,0,0,0,0
ID_LUJSLH.mgb,0,0,0,0
ID_CTHPWQ.mgb,0,0,0,0
ID_DGIHFW.mgb,0,0,0,0
ID_COAYXA.mgb,0,0,0,0
ID_GAQOSA.mgb,0,0,0,0
ID_AWUOPA.mgb,0,0,0,0
ID_JLFTVT.mgb,0,0,0,0
ID_LGZRGZ.mgb,0,0,0,0
ID_BTVXGK.mgb,0,0,0,0
ID_DQSPHV.mgb,0,0,0,0
ID_KYHLUP.mgb,0,0,0,0
ID_RSOEDW.mgb,0,0,0,0
ID_NMZZMM.mgb,0,0,0,0
ID_YYKHQJ.mgb,0,0,0,0
ID_TVDXTF.mgb,0,0,0,0
ID_WTJDCG.mgb,0,0,0,0
ID_NAQYIP.mgb,0,0,0,0
ID_QVYSFM.mgb,0,0,0,0
ID_GSOESB.mgb,0,0,0,0
ID_ISGTTF.mgb,0,0,0,0
ID_ZJDYLK.mgb,0,0,0,0
ID_OPISVA.mgb,0,0,0,0
ID_JUVDVO.mgb,0,0,0,0
ID_LINCBY.mgb,0,0,0,0
ID_WCKSIF.mgb,0,0,0,0
ID_FKCFBO.mgb,0,0,0,0
ID_EUMUND.mgb,0,0,0,0
ID_FOVLQW.mgb,0,0,0,0
ID_HUFMBH.mgb,0,0,0,0
ID_EHJZYV.mgb,0,0,0,0
ID_PUMIOI.mgb,0,0,0,0
ID_NHJSDJ.mgb,0,0,0,0
ID_VFJROL.mgb,0,0,0,0
ID_GOLPVM.mgb,0,0,0,0
ID_WBMCVM.mgb,0,0,0,0
ID_DFXCET.mgb,0,0,0,0
ID_GDNXCQ.mgb,0,0,0,0
ID_ZBAENY.mgb,0,0,0,0
ID_KGGOYX.mgb,0,0,0,0
ID_PAOKRA.mgb,0,0,0,0
ID_JDEOCS.mgb,0,0,0,0
ID_WYXUVZ.mgb,0,0,0,0
ID_TAXRNS.mgb,0,0,0,0
ID_PRKEKM.mgb,0,0,0,0
ID_YWABZN.mgb,0,0,0,0
ID_CAFLUD.mgb,0,0,0,0
ID_QWHBRI.mgb,0,0,0,0
ID_DEHZSK.mgb,0,0,0,0
ID_JMFWFN.mgb,0,0,0,0
ID_SIFZMG.mgb,0,0,0,0
ID_SOEIUE.mgb,0,0,0,0
ID_PRMQOT.mgb,0,0,0,0
ID_XSITII.mgb,0,0,0,0
ID_BMMBCB.mgb,0,0,0,0
ID_BXGPNO.mgb,0,0,0,0
ID_RRBFNL.mgb,0,0,0,0
ID_YMUIJN.mgb,0,0,0,0
ID_MCXYEF.mgb,0,0,0,0
ID_DQYBXD.mgb,0,0,0,0
ID_ITKBYB.mgb,0,0,0,0
ID_XGOABT.mgb,0,0,0,0
ID_WIUMTC.mgb,0,0,0,0
ID_TEJVIO.mgb,0,0,0,0
ID_CDWNJE.mgb,0,0,0,0
ID_GVZZFW.mgb,0,0,0,0
ID_EBRDMD.mgb,0,0,0,0
ID_ZZIPPX.mgb,0,0,0,0
ID_JDCHUI.mgb,0,0,0,0
ID_NTRKRJ.mgb,0,0,0,0
ID_PTBYNC.mgb,0,0,0,0
ID_QKNHCR.mgb,0,0,0,0
ID_HAGLMG.mgb,0,0,0,0
ID_SCGIJI.mgb,0,0,0,0
ID_LYOJXP.mgb,0,0,0,0
ID_KMJAIJ.mgb,0,0,0,0
ID_ZIZGXX.mgb,0,0,0,0
ID_ZNJUOS.mgb,0,0,0,0
ID_IEMAVT.mgb,0,0,0,0
ID_ZLNTXR.mgb,0,0,0,0
ID_VCUOUA.mgb,0,0,0,0
ID_XJRBMI.mgb,0,0,0,0
ID_TRZMLZ.mgb,0,0,0,0
ID_EWAEEB.mgb,0,0,0,0
ID_JCQLQG.mgb,0,0,0,0
ID_KNLXQL.mgb,0,0,0,0
ID_UXNIQI.mgb,0,0,0,0
ID_XVUIVT.mgb,0,0,0,0
ID_HJNVPV.mgb,0,0,0,0
ID_BSUSJN.mgb,0,0,0,0
ID_FHKIGB.mgb,0,0,0,0
ID_WBMMPZ.mgb,0,0,0,0
ID_BBHZGN.mgb,0,0,0,0
ID_HFCFFD.mgb,0,0,0,0
ID_LLVAJH.mgb,0,0,0,0
ID_OLFWUX.mgb,0,0,0,0
ID_VLJTAB.mgb,0,0,0,0
ID_GLLBKQ.mgb,0,0,0,0
ID_BXLGGU.mgb,0,0,0,0
ID_KSRKIN.mgb,0,0,0,0
ID_YMVRHW.mgb,0,0,0,0
ID_SLSSUE.mgb,0,0,0,0
ID_MLTJOR.mgb,0,0,0,0
ID_VQAROW.mgb,0,0,0,0
ID_QOCKYY.mgb,0,0,0,0
ID_CPQIGO.mgb,0,0,0,0
ID_RGTTHZ.mgb,0,0,0,0
ID_HMFMLT.mgb,0,0,0,0
ID_VVEYSN.mgb,0,0,0,0
ID_PBXXTP.mgb,0,0,0,0
ID_PDCVQE.mgb,0,0,0,0
ID_XHBQPF.mgb,0,0,0,0
ID_CHLUGJ.mgb,0,0,0,0
ID_AYRSVB.mgb,0,0,0,0
ID_FVXHYB.mgb,0,0,0,0
ID_CTBHHY.mgb,0,0,0,0
ID_DESNNL.mgb,0,0,0,0
ID_ZQPHOL.mgb,0,0,0,0
ID_OTVREC.mgb,0,0,0,0
ID_RMTSMJ.mgb,0,0,0,0
ID_HLUGGK.mgb,0,0,0,0
ID_DBPGZB.mgb,0,0,0,0
ID_KEJCVV.mgb,0,0,0,0
ID_XGBUNW.mgb,0,0,0,0
ID_WLOGEG.mgb,0,0,0,0
ID_IZTUIX.mgb,0,0,0,0
ID_FYMQCV.mgb,0,0,0,0
ID_PZGLVE.mgb,0,0,0,0
ID_CRUQTU.mgb,0,0,0,0
ID_RUTEEA.mgb,0,0,0,0
ID_MDSGOA.mgb,0,0,0,0
ID_ROIPLG.mgb,0,0,0,0
ID_BRXQMI.mgb,0,0,0,0
ID_RYQIJC.mgb,0,0,0,0
ID_RSUGXE.mgb,0,0,0,0
ID_NAHDLQ.mgb,0,0,0,0
ID_XVQFWW.mgb,0,0,0,0
ID_IEHNEU.mgb,0,0,0,0
ID_FLPTMS.mgb,0,0,0,0
ID_CMYHXL.mgb,0,0,0,0
ID_YBEXJU.mgb,0,0,0,0
ID_LEYQFD.mgb,0,0,0,0
ID_EANLQD.mgb,0,0,0,0
ID_PXYGZV.mgb,0,0,0,0
ID_DMOSUZ.mgb,0,0,0,0
ID_CYIBFB.mgb,0,0,0,0
ID_DAKOMQ.mgb,0,0,0,0
ID_XGFKEN.mgb,0,0,0,0
ID_LGFAYI.mgb,0,0,0,0
ID_WKPTIB.mgb,0,0,0,0
ID_HXCRPH.mgb,0,0,0,0
ID_PGOFPW.mgb,0,0,0,0
ID_BRQVGL.mgb,0,0,0,0
ID_INTDEO.mgb,0,0,0,0
ID_BYAFED.mgb,0,0,0,0
ID_RUVILG.mgb,0,0,0,0
ID_TMLHZP.mgb,0,0,0,0
ID_RIAKBG.mgb,0,0,0,0
ID_ZOCTOI.mgb,0,0,0,0
ID_ISPEXV.mgb,0,0,0,0
ID_LRWCUV.mgb,0,0,0,0
ID_IIAVBJ.mgb,0,0,0,0
ID_WHIUUU.mgb,0,0,0,0
ID_IEOLLX.mgb,0,0,0,0
ID_QXKVOW.mgb,0,0,0,0
ID_XFSLFU.mgb,0,0,0,0
ID_QSVRON.mgb,0,0,0,0
ID_JAVLTI.mgb,0,0,0,0
ID_ZOJNBU.mgb,0,0,0,0
ID_ELMXSH.mgb,0,0,0,0
ID_ZKEAEO.mgb,0,0,0,0
ID_ORSALM.mgb,0,0,0,0
ID_KSJZYW.mgb,0,0,0,0
ID_URHMNJ.mgb,0,0,0,0
ID_IBDNAG.mgb,0,0,0,0
ID_ZZWUCJ.mgb,0,0,0,0
ID_CQPBJZ.mgb,0,0,0,0
ID_DCYZXZ.mgb,0,0,0,0
ID_MSKYZF.mgb,0,0,0,0
ID_IXCKHJ.mgb,0,0,0,0
ID_WJYUAL.mgb,0,0,0,0
ID_CNYSMN.mgb,0,0,0,0
ID_RRPSJN.mgb,0,0,0,0
ID_ATFRKF.mgb,0,0,0,0
ID_UPIUVM.mgb,0,0,0,0
ID_CWNXOC.mgb,0,0,0,0
ID_XPHJMZ.mgb,0,0,0,0
ID_DEACVT.mgb,0,0,0,0
ID_TTFIOX.mgb,0,0,0,0
ID_XAZALC.mgb,0,0,0,0
ID_RGWSWF.mgb,0,0,0,0
ID_JUHMAV.mgb,0,0,0,0
ID_WUSJAO.mgb,0,0,0,0
ID_QEBWST.mgb,0,0,0,0
ID_YKYPOY.mgb,0,0,0,0
ID_IYSRIJ.mgb,0,0,0,0
ID_FJZWNX.mgb,0,0,0,0
ID_HVISJK.mgb,0,0,0,0
ID_NZBHZD.mgb,0,0,0,0
ID_YSKBBI.mgb,0,0,0,0
ID_PWNDLE.mgb,0,0,0,0
ID_AJCBOB.mgb,0,0,0,0
ID_BZYPZI.mgb,0,0,0,0
ID_ALHTER.mgb,0,0,0,0
ID_ZIQGRT.mgb,0,0,0,0
ID_THXTJN.mgb,0,0,0,0
ID_EKTTWX.mgb,0,0,0,0
ID_WSWMZK.mgb,0,0,0,0
ID_GPUNWD.mgb,0,0,0,0
ID_BIZXXH.mgb,0,0,0,0
ID_SJMQBD.mgb,0,0,0,0
ID_WWVJZB.mgb,0,0,0,0
ID_TDWDXA.mgb,0,0,0,0
ID_OJQATT.mgb,0,0,0,0
ID_HMXDQX.mgb,0,0,0,0
ID_ZWMJPU.mgb,0,0,0,0
ID_QJPPKT.mgb,0,0,0,0
ID_LFCWWU.mgb,0,0,0,0
ID_HECJPL.mgb,0,0,0,0
ID_WLAYJI.mgb,0,0,0,0
ID_SXNPKC.mgb,0,0,0,0
ID_ULZRVC.mgb,0,0,0,0
ID_VOMBSI.mgb,0,0,0,0
ID_SUBIBF.mgb,0,0,0,0
ID_MFBQPQ.mgb,0,0,0,0
ID_XIIOWV.mgb,0,0,0,0
ID_XAJLRM.mgb,0,0,0,0
ID_AKIAKB.mgb,0,0,0,0
ID_PVVNGT.mgb,0,0,0,0
ID_BNZPZI.mgb,0,0,0,0
ID_CFUAPP.mgb,0,0,0,0
ID_PXNHNU.mgb,0,0,0,0
ID_IQUWWF.mgb,0,0,0,0
ID_BSFZJR.mgb,0,0,0,0
ID_JXAXIB.mgb,0,0,0,0
ID_OVVPGU.mgb,0,0,0,0
ID_WSMTLV.mgb,0,0,0,0
ID_CIQIKP.mgb,0,0,0,0
ID_QETYTO.mgb,0,0,0,0
ID_XXYDBQ.mgb,0,0,0,0
ID_UFGHMX.mgb,0,0,0,0
ID_OLWSVJ.mgb,0,0,0,0
ID_UYRVKP.mgb,0,0,0,0
ID_MJDAET.mgb,0,0,0,0
ID_URPUJI.mgb,0,0,0,0
ID_LLPPYO.mgb,0,0,0,0
ID_RPPEEI.mgb,0,0,0,0
ID_GUEYOJ.mgb,0,0,0,0
ID_SNMASC.mgb,0,0,0,0
ID_HQMIJT.mgb,0,0,0,0
ID_EGRLRM.mgb,0,0,0,0
ID_EWXVSN.mgb,0,0,0,0
ID_ZMZPNF.mgb,0,0,0,0
ID_FSYFIA.mgb,0,0,0,0
ID_YQOIHQ.mgb,0,0,0,0
ID_DHZVMF.mgb,0,0,0,0
ID_TXPIAA.mgb,0,0,0,0
ID_EXBCAT.mgb,0,0,0,0
ID_VIFPQA.mgb,0,0,0,0
ID_ESCLBF.mgb,0,0,0,0
ID_ULYCLD.mgb,0,0,0,0
ID_MXOEXX.mgb,0,0,0,0
ID_XBLBFN.mgb,0,0,0,0
ID_JEJIUK.mgb,0,0,0,0
ID_CMCJKR.mgb,0,0,0,0
ID_VRFSBR.mgb,0,0,0,0
ID_RRGPYK.mgb,0,0,0,0
ID_LWLEZI.mgb,0,0,0,0
ID_PSQGYI.mgb,0,0,0,0
ID_VIJQDQ.mgb,0,0,0,0
ID_FAMGIP.mgb,0,0,0,0
ID_HEJUMM.mgb,0,0,0,0
ID_OPIJCZ.mgb,0,0,0,0
ID_KVZAOY.mgb,0,0,0,0
ID_EHBSHA.mgb,0,0,0,0
ID_WYUYMY.mgb,0,0,0,0
ID_UGFAUT.mgb,0,0,0,0
ID_VUFSVO.mgb,0,0,0,0
ID_TMGNTU.mgb,0,0,0,0
ID_PUHXOV.mgb,0,0,0,0
ID_EBELWC.mgb,0,0,0,0
ID_QURHKE.mgb,0,0,0,0
ID_QZAJWB.mgb,0,0,0,0
ID_RCRXQD.mgb,0,0,0,0
ID_TQWIDM.mgb,0,0,0,0
ID_ORIXUZ.mgb,0,0,0,0
ID_VMZNWI.mgb,0,0,0,0
ID_MNFODC.mgb,0,0,0,0
ID_NFNPRL.mgb,0,0,0,0
ID_YENVJG.mgb,0,0,0,0
ID_LPMFGH.mgb,0,0,0,0
ID_PICJTF.mgb,0,0,0,0
ID_CNJEMU.mgb,0,0,0,0
ID_BZILSP.mgb,0,0,0,0
ID_TUTHLI.mgb,0,0,0,0
ID_BWNYHM.mgb,0,0,0,0
ID_URMZQG.mgb,0,0,0,0
ID_HSUKYJ.mgb,0,0,0,0
ID_PPKBLF.mgb,0,0,0,0
ID_XYJZIJ.mgb,0,0,0,0
ID_TFMMKM.mgb,0,0,0,0
ID_KRHOBX.mgb,0,0,0,0
ID_UHCXKF.mgb,0,0,0,0
ID_VSEPYP.mgb,0,0,0,0
ID_CFTZNA.mgb,0,0,0,0
ID_FQEEFC.mgb,0,0,0,0
ID_ZQTHSJ.mgb,0,0,0,0
ID_IVAWBE.mgb,0,0,0,0
ID_QWVCLM.mgb,0,0,0,0
ID_IADKDN.mgb,0,0,0,0
ID_IXKYFH.mgb,0,0,0,0
ID_JHDIEV.mgb,0,0,0,0
ID_CVBFDK.mgb,0,0,0,0
ID_PDCTGC.mgb,0,0,0,0
ID_SLMINA.mgb,0,0,0,0
ID_SPALGS.mgb,0,0,0,0
ID_YAUXJL.mgb,0,0,0,0
ID_HJGLOZ.mgb,0,0,0,0
ID_BGXBIY.mgb,0,0,0,0
ID_MSXYUE.mgb,0,0,0,0
ID_PBXKUS.mgb,0,0,0,0
ID_XSCGKH.mgb,0,0,0,0
ID_PVGLHK.mgb,0,0,0,0
ID_XREJEU.mgb,0,0,0,0
ID_KZHWLL.mgb,0,0,0,0
ID_IXPYEV.mgb,0,0,0,0
ID_IRJAOX.mgb,0,0,0,0
ID_NCEMDY.mgb,0,0,0,0
ID_EYRGGZ.mgb,0,0,0,0
ID_YXWOUQ.mgb,0,0,0,0
ID_CFQAKO.mgb,0,0,0,0
ID_HZITJP.mgb,0,0,0,0
ID_KGPLHC.mgb,0,0,0,0
ID_CCCVPZ.mgb,0,0,0,0
ID_CPWFIE.mgb,0,0,0,0
ID_HGCFTR.mgb,0,0,0,0
ID_ENGLHB.mgb,0,0,0,0
ID_NFLKEF.mgb,0,0,0,0
ID_SICHIC.mgb,0,0,0,0
ID_QTTMED.mgb,0,0,0,0
ID_MIZQYO.mgb,0,0,0,0
ID_UOIPKJ.mgb,0,0,0,0
ID_GSFJFC.mgb,0,0,0,0
ID_RRAGGS.mgb,0,0,0,0
ID_GXGVNB.mgb,0,0,0,0
ID_QXSOBJ.mgb,0,0,0,0
ID_GZVBSJ.mgb,0,0,0,0
ID_KZTCIC.mgb,0,0,0,0
ID_JMUPYH.mgb,0,0,0,0
ID_XDMVMM.mgb,0,0,0,0
ID_UDICHC.mgb,0,0,0,0
ID_IZGKUA.mgb,0,0,0,0
ID_QZGPGU.mgb,0,0,0,0
ID_UWBLYI.mgb,0,0,0,0
ID_MORRXV.mgb,0,0,0,0
ID_IPUTNF.mgb,0,0,0,0
ID_QYBWII.mgb,0,0,0,0
ID_AKDVQI.mgb,0,0,0,0
ID_WGEOSC.mgb,0,0,0,0
ID_IMSZXP.mgb,0,0,0,0
ID_ECKILA.mgb,0,0,0,0
ID_CIVPPF.mgb,0,0,0,0
ID_UAVUGI.mgb,0,0,0,0
ID_RXLXBE.mgb,0,0,0,0
ID_NMPTSC.mgb,0,0,0,0
ID_WIGQLP.mgb,0,0,0,0
ID_AIQHUX.mgb,0,0,0,0
ID_JTGTDT.mgb,0,0,0,0
ID_DQRJKX.mgb,0,0,0,0
ID_XTJPEO.mgb,0,0,0,0
ID_EZJDLE.mgb,0,0,0,0
ID_OGBSZV.mgb,0,0,0,0
ID_ZCQPZJ.mgb,0,0,0,0
ID_XUKBYU.mgb,0,0,0,0
ID_ADBLNY.mgb,0,0,0,0
ID_LCBVPJ.mgb,0,0,0,0
ID_UWFKLU.mgb,0,0,0,0
ID_UFBZOV.mgb,0,0,0,0
ID_AWINYS.mgb,0,0,0,0
ID_HQJZSF.mgb,0,0,0,0
ID_ZWKWIN.mgb,0,0,0,0
ID_GVPQXB.mgb,0,0,0,0
ID_ZTKFQH.mgb,0,0,0,0
ID_RNXHHA.mgb,0,0,0,0
ID_DUQOMR.mgb,0,0,0,0
ID_MGUVTI.mgb,0,0,0,0
ID_OIJPYH.mgb,0,0,0,0
ID_IQGRGJ.mgb,0,0,0,0
ID_KONGKK.mgb,0,0,0,0
ID_ELWLMP.mgb,0,0,0,0
ID_JIXSST.mgb,0,0,0,0
ID_REMOGV.mgb,0,0,0,0
ID_UJNKSW.mgb,0,0,0,0
ID_RBRTQO.mgb,0,0,0,0
ID_FVYNDH.mgb,0,0,0,0
ID_ROCPLC.mgb,0,0,0,0
ID_LCRGSC.mgb,0,0,0,0
ID_IYZNTX.mgb,0,0,0,0
ID_VLTTHY.mgb,0,0,0,0
ID_ARCTEP.mgb,0,0,0,0
ID_HGSQFS.mgb,0,0,0,0
ID_OHNZBJ.mgb,0,0,0,0
ID_DZAKRS.mgb,0,0,0,0
ID_XXPAOD.mgb,0,0,0,0
ID_BTYEBT.mgb,0,0,0,0
ID_UARLKT.mgb,0,0,0,0
ID_WHNZHM.mgb,0,0,0,0
ID_LGFEKR.mgb,0,0,0,0
ID_ABHFUP.mgb,0,0,0,0
ID_WSIIFG.mgb,0,0,0,0
ID_RJKRIP.mgb,0,0,0,0
ID_SDLDMV.mgb,0,0,0,0
ID_ONFDRI.mgb,0,0,0,0
ID_XYVFYX.mgb,0,0,0,0
ID_XEVQHX.mgb,0,0,0,0
ID_LIYLWT.mgb,0,0,0,0
ID_MREXLF.mgb,0,0,0,0
ID_HCHMLH.mgb,0,0,0,0
ID_PCHQSU.mgb,0,0,0,0
ID_EYVEPQ.mgb,0,0,0,0
ID_EFKZYN.mgb,0,0,0,0
ID_AUPWYI.mgb,0,0,0,0
ID_LYLGTW.mgb,0,0,0,0
ID_RMWWZJ.mgb,0,0,0,0
ID_XDFTZZ.mgb,0,0,0,0
ID_LRMWEM.mgb,0,0,0,0
ID_YOZYCT.mgb,0,0,0,0
ID_XOQVRA.mgb,0,0,0,0
ID_BSKTJR.mgb,0,0,0,0
ID_BYTEUW.mgb,0,0,0,0
ID_PKQRMJ.mgb,0,0,0,0
ID_DVPYOJ.mgb,0,0,0,0
ID_OGWZDU.mgb,0,0,0,0
ID_SZMORK.mgb,0,0,0,0
ID_SLMYSY.mgb,0,0,0,0
ID_MUGCIL.mgb,0,0,0,0
ID_GRTEMJ.mgb,0,0,0,0
ID_FHIWZA.mgb,0,0,0,0
ID_QZIMFY.mgb,0,0,0,0
ID_DSBIZA.mgb,0,0,0,0
ID_RTTNZC.mgb,0,0,0,0
ID_QTPUJG.mgb,0,0,0,0
ID_KVSAIV.mgb,0,0,0,0
ID_MHBSUK.mgb,0,0,0,0
ID_OGGKXA.mgb,0,0,0,0
ID_PIJZTT.mgb,0,0,0,0
ID_YRGNQU.mgb,0,0,0,0
ID_VRIWON.mgb,0,0,0,0
ID_FSTZWF.mgb,0,0,0,0
ID_HJRWRC.mgb,0,0,0,0
ID_CNVJTD.mgb,0,0,0,0
ID_TZWFLT.mgb,0,0,0,0
ID_WMWSQL.mgb,0,0,0,0
ID_ZPVCGH.mgb,0,0,0,0
ID_ARGCHE.mgb,0,0,0,0
ID_XLDVCN.mgb,0,0,0,0
ID_ZXTCJH.mgb,0,0,0,0
ID_HFFTBQ.mgb,0,0,0,0
ID_RRNXWU.mgb,0,0,0,0
ID_ZTRJPX.mgb,0,0,0,0
ID_DRCHAK.mgb,0,0,0,0
ID_DJFCZY.mgb,0,0,0,0
ID_YOFONJ.mgb,0,0,0,0
ID_CHLDYV.mgb,0,0,0,0
ID_HRVNSM.mgb,0,0,0,0
ID_HWYATC.mgb,0,0,0,0
ID_RWROAQ.mgb,0,0,0,0
ID_RGJGFW.mgb,0,0,0,0
ID_KVSMTQ.mgb,0,0,0,0
ID_LZAUTA.mgb,0,0,0,0
ID_FDJQKW.mgb,0,0,0,0
ID_JLTBFO.mgb,0,0,0,0
ID_ZAFLWS.mgb,0,0,0,0
ID_QPQFUP.mgb,0,0,0,0
ID_ZRRDIN.mgb,0,0,0,0
ID_PSWPIE.mgb,0,0,0,0
ID_EWLDSP.mgb,0,0,0,0
ID_ENHCCD.mgb,0,0,0,0
ID_QRHEXN.mgb,0,0,0,0
ID_RYQIAU.mgb,0,0,0,0
ID_LDNOVV.mgb,0,0,0,0
ID_GKKZPM.mgb,0,0,0,0
ID_BEHPUD.mgb,0,0,0,0
ID_UBLPMY.mgb,0,0,0,0
ID_CXKMII.mgb,0,0,0,0
ID_MBFMSB.mgb,0,0,0,0
ID_CIZFBU.mgb,0,0,0,0
ID_CHVVYY.mgb,0,0,0,0
ID_XJYLRF.mgb,0,0,0,0
ID_EUHSAJ.mgb,0,0,0,0
ID_IAYUXL.mgb,0,0,0,0
ID_YYKIRN.mgb,0,0,0,0
ID_HIJDMN.mgb,0,0,0,0
ID_TWVGUH.mgb,0,0,0,0
ID_DHEWQO.mgb,0,0,0,0
ID_MPKKUQ.mgb,0,0,0,0
ID_PBRNDT.mgb,0,0,0,0
ID_MMGILS.mgb,0,0,0,0
ID_AQDZLZ.mgb,0,0,0,0
ID_NJLZUJ.mgb,0,0,0,0
ID_HGLFGL.mgb,0,0,0,0
ID_OWQVGA.mgb,0,0,0,0
ID_JXIJHK.mgb,0,0,0,0
ID_MXMLNF.mgb,0,0,0,0
ID_XCLVYX.mgb,0,0,0,0
ID_YIPVQW.mgb,0,0,0,0
ID_MNKUZR.mgb,0,0,0,0
ID_NBPVTP.mgb,0,0,0,0
ID_WTODMY.mgb,0,0,0,0
ID_ZLNIVC.mgb,0,0,0,0
ID_SHDIID.mgb,0,0,0,0
ID_STAGDU.mgb,0,0,0,0
ID_FNCBDC.mgb,0,0,0,0
ID_AVZMAJ.mgb,0,0,0,0
ID_SNITZY.mgb,0,0,0,0
ID_XGJMZC.mgb,0,0,0,0
ID_RAWHIQ.mgb,0,0,0,0
ID_MXIYTV.mgb,0,0,0,0
ID_QXLQMR.mgb,0,0,0,0
ID_OTMNRG.mgb,0,0,0,0
ID_PGFAHM.mgb,0,0,0,0
ID_WUGFVI.mgb,0,0,0,0
ID_MUJNJW.mgb,0,0,0,0
ID_HDJRBM.mgb,0,0,0,0
ID_WITXOA.mgb,0,0,0,0
ID_GXSXOM.mgb,0,0,0,0
ID_MSTKSW.mgb,0,0,0,0
ID_FUMEPV.mgb,0,0,0,0
ID_WECZXK.mgb,0,0,0,0
ID_SBEIYW.mgb,0,0,0,0
ID_RCUVRF.mgb,0,0,0,0
ID_ZDCEPH.mgb,0,0,0,0
ID_VHSOVP.mgb,0,0,0,0
ID_BGXNSA.mgb,0,0,0,0
ID_MZMTYP.mgb,0,0,0,0
ID_HYTXHX.mgb,0,0,0,0
ID_NHYWEN.mgb,0,0,0,0
ID_SCHCGB.mgb,0,0,0,0
ID_AJKHOU.mgb,0,0,0,0
ID_ZWFLBS.mgb,0,0,0,0
ID_WZCZVF.mgb,0,0,0,0
ID_NXWSMB.mgb,0,0,0,0
ID_TFOYNB.mgb,0,0,0,0
ID_KRNXGB.mgb,0,0,0,0
ID_JWOPRN.mgb,0,0,0,0
ID_ZUTVQY.mgb,0,0,0,0
ID_BYYXZS.mgb,0,0,0,0
ID_XZGAZR.mgb,0,0,0,0
ID_AGKIYB.mgb,0,0,0,0
ID_YJTPWN.mgb,0,0,0,0
ID_KPMQMU.mgb,0,0,0,0
ID_JBBPNR.mgb,0,0,0,0
ID_JIFUYY.mgb,0,0,0,0
ID_WNGDEB.mgb,0,0,0,0
ID_NTGAWG.mgb,0,0,0,0
ID_PKYMQI.mgb,0,0,0,0
ID_JCPCLB.mgb,0,0,0,0
ID_RBVWUL.mgb,0,0,0,0
ID_VMJTGH.mgb,0,0,0,0
ID_UIFJLE.mgb,0,0,0,0
ID_TWFOOH.mgb,0,0,0,0
ID_AYOAPD.mgb,0,0,0,0
ID_NSTSNW.mgb,0,0,0,0
ID_BWVHUF.mgb,0,0,0,0
ID_MUIUQL.mgb,0,0,0,0
ID_JNLKEV.mgb,0,0,0,0
ID_ERGQHM.mgb,0,0,0,0
ID_HKLNTW.mgb,0,0,0,0
ID_BFHWMT.mgb,0,0,0,0
ID_VEULTD.mgb,0,0,0,0
ID_IPNWJS.mgb,0,0,0,0
ID_AJGVTS.mgb,0,0,0,0
ID_JIVAMT.mgb,0,0,0,0
ID_ZGPWDB.mgb,0,0,0,0
ID_YMJDMN.mgb,0,0,0,0
ID_KAWYYK.mgb,0,0,0,0
ID_QAYMJX.mgb,0,0,0,0
ID_HEYXJI.mgb,0,0,0,0
ID_GXAHTP.mgb,0,0,0,0
ID_CXYITK.mgb,0,0,0,0
ID_IKVUWD.mgb,0,0,0,0
ID_SVISXU.mgb,0,0,0,0
ID_VIVXIR.mgb,0,0,0,0
ID_NLPICA.mgb,0,0,0,0
ID_GBCCNJ.mgb,0,0,0,0
ID_PHXPOD.mgb,0,0,0,0
ID_DHGWGW.mgb,0,0,0,0
ID_SUBJSJ.mgb,0,0,0,0
ID_JUQIPF.mgb,0,0,0,0
ID_VBVWJD.mgb,0,0,0,0
ID_RKQIFO.mgb,0,0,0,0
ID_ENOODO.mgb,0,0,0,0
ID_ZRCWCQ.mgb,0,0,0,0
ID_ALGOGQ.mgb,0,0,0,0
ID_GEIAET.mgb,0,0,0,0
ID_HMTIMT.mgb,0,0,0,0
ID_XBWYVZ.mgb,0,0,0,0
ID_SZOAOB.mgb,0,0,0,0
ID_OCJFSP.mgb,0,0,0,0
ID_ZLFEAA.mgb,0,0,0,0
ID_EJRTGT.mgb,0,0,0,0
ID_EFHUUR.mgb,0,0,0,0
ID_QTBPXG.mgb,0,0,0,0
ID_BQALZS.mgb,0,0,0,0
ID_UVZRRF.mgb,0,0,0,0
ID_BBZYDO.mgb,0,0,0,0
ID_WOZQOQ.mgb,0,0,0,0
ID_IYVHTQ.mgb,0,0,0,0
ID_YTKUUL.mgb,0,0,0,0
ID_TNTYMU.mgb,0,0,0,0
ID_YXVKZR.mgb,0,0,0,0
ID_TJNQXM.mgb,0,0,0,0
ID_LQGGAD.mgb,0,0,0,0
ID_GJDSLM.mgb,0,0,0,0
ID_BWUYYP.mgb,0,0,0,0
ID_ZOAAVW.mgb,0,0,0,0
ID_GWJDGL.mgb,0,0,0,0
ID_GGUPKG.mgb,0,0,0,0
ID_OTIEVR.mgb,0,0,0,0
ID_FRTXEK.mgb,0,0,0,0
ID_EVQEWK.mgb,0,0,0,0
ID_ZPWGNB.mgb,0,0,0,0
ID_NTHUOG.mgb,0,0,0,0
ID_LDNFCA.mgb,0,0,0,0
ID_GTODPC.mgb,0,0,0,0
ID_WKYNLU.mgb,0,0,0,0
ID_LGKDBX.mgb,0,0,0,0
ID_MFXZBJ.mgb,0,0,0,0
ID_DYYGRW.mgb,0,0,0,0
ID_ISTTZD.mgb,0,0,0,0
ID_DYXRFB.mgb,0,0,0,0
ID_DZTHPW.mgb,0,0,0,0
ID_ERUQTZ.mgb,0,0,0,0
ID_DCSXUC.mgb,0,0,0,0
ID_WNJPFT.mgb,0,0,0,0
ID_VPNYMF.mgb,0,0,0,0
ID_SXADNZ.mgb,0,0,0,0
ID_XLDPZS.mgb,0,0,0,0
ID_TTRXDO.mgb,0,0,0,0
ID_EJXDZM.mgb,0,0,0,0
ID_XDCBML.mgb,0,0,0,0
ID_WLNQUD.mgb,0,0,0,0
ID_VWQBGB.mgb,0,0,0,0
ID_GOKJUH.mgb,0,0,0,0
ID_GIUONV.mgb,0,0,0,0
ID_WNMRRC.mgb,0,0,0,0
ID_QSESQA.mgb,0,0,0,0
ID_HRYIFA.mgb,0,0,0,0
ID_WTYLTM.mgb,0,0,0,0
ID_ZMEKSI.mgb,0,0,0,0
ID_BCGAMY.mgb,0,0,0,0
ID_CMJWBS.mgb,0,0,0,0
ID_PIAMAG.mgb,0,0,0,0
ID_LDRIRX.mgb,0,0,0,0
ID_PNFCKW.mgb,0,0,0,0
ID_EJROPO.mgb,0,0,0,0
ID_UVEWHH.mgb,0,0,0,0
ID_EZTVQT.mgb,0,0,0,0
ID_AOQGWN.mgb,0,0,0,0
ID_EWYNGD.mgb,0,0,0,0
ID_OWPRUX.mgb,0,0,0,0
ID_IWZSCD.mgb,0,0,0,0
ID_IQCHWD.mgb,0,0,0,0
ID_CURZNU.mgb,0,0,0,0
ID_NNKBRS.mgb,0,0,0,0
ID_STTQTU.mgb,0,0,0,0
ID_HITNRL.mgb,0,0,0,0
ID_YPEUWH.mgb,0,0,0,0
ID_WEKMZT.mgb,0,0,0,0
ID_UIJZCT.mgb,0,0,0,0
ID_BIVMAZ.mgb,0,0,0,0
ID_PWDCFX.mgb,0,0,0,0
ID_RGCNWA.mgb,0,0,0,0
ID_YGISHC.mgb,0,0,0,0
ID_IBODDC.mgb,0,0,0,0
ID_DDCLES.mgb,0,0,0,0
ID_YAUMQG.mgb,0,0,0,0
ID_WXZKFS.mgb,0,0,0,0
ID_EDWVNO.mgb,0,0,0,0
ID_OJKWLR.mgb,0,0,0,0
ID_SFVMMH.mgb,0,0,0,0
ID_VFAACQ.mgb,0,0,0,0
ID_QSGSHH.mgb,0,0,0,0
ID_ZDAUAT.mgb,0,0,0,0
ID_TVVOGT.mgb,0,0,0,0
ID_GLCXOZ.mgb,0,0,0,0
ID_JVLRWQ.mgb,0,0,0,0
ID_KKJRNI.mgb,0,0,0,0
ID_BXBUWW.mgb,0,0,0,0
ID_YZJCKD.mgb,0,0,0,0
ID_ESOHQM.mgb,0,0,0,0
ID_RHIKBI.mgb,0,0,0,0
ID_PVFOBG.mgb,0,0,0,0
ID_SPXUQR.mgb,0,0,0,0
ID_ZANNAE.mgb,0,0,0,0
ID_EJEHKC.mgb,0,0,0,0
ID_LYDHSX.mgb,0,0,0,0
ID_RFKKZX.mgb,0,0,0,0
ID_BFALNR.mgb,0,0,0,0
ID_YFCWKA.mgb,0,0,0,0
ID_OTMIGF.mgb,0,0,0,0
ID_ASNCNV.mgb,0,0,0,0
ID_UBVZZX.mgb,0,0,0,0
ID_TZTWZL.mgb,0,0,0,0
ID_CIGUQR.mgb,0,0,0,0
ID_FRMCKJ.mgb,0,0,0,0
ID_GPZVGY.mgb,0,0,0,0
ID_DDGNIM.mgb,0,0,0,0
ID_GLDSLL.mgb,0,0,0,0
ID_UABYGB.mgb,0,0,0,0
ID_EAPNYZ.mgb,0,0,0,0
ID_EMAJOW.mgb,0,0,0,0
ID_KWQHIP.mgb,0,0,0,0
ID_ORFPYF.mgb,0,0,0,0
ID_CKZWMZ.mgb,0,0,0,0
ID_IDTLQJ.mgb,0,0,0,0
ID_YNVASN.mgb,0,0,0,0
ID_KKOBOD.mgb,0,0,0,0
ID_AMSOXU.mgb,0,0,0,0
ID_DPYKSG.mgb,0,0,0,0
ID_JNFGCU.mgb,0,0,0,0
ID_KIMKCB.mgb,0,0,0,0
ID_IJLDZY.mgb,0,0,0,0
ID_KLVYAP.mgb,0,0,0,0
ID_XRZHAV.mgb,0,0,0,0
ID_SDQRVB.mgb,0,0,0,0
ID_DZCDNY.mgb,0,0,0,0
ID_YUEGJH.mgb,0,0,0,0
ID_TMSZTO.mgb,0,0,0,0
ID_JCFYTI.mgb,0,0,0,0
ID_GUYLSW.mgb,0,0,0,0
ID_RBPJIE.mgb,0,0,0,0
ID_PWBLRE.mgb,0,0,0,0
ID_EBWXAG.mgb,0,0,0,0
ID_BNPBKM.mgb,0,0,0,0
ID_MGCBZX.mgb,0,0,0,0
ID_DEFZNC.mgb,0,0,0,0
ID_EGCJWN.mgb,0,0,0,0
ID_KNZDMP.mgb,0,0,0,0
ID_HGWDFO.mgb,0,0,0,0
ID_UZCADS.mgb,0,0,0,0
ID_QTNNPA.mgb,0,0,0,0
ID_PRLKYI.mgb,0,0,0,0
ID_OVOOFO.mgb,0,0,0,0
ID_SXADYW.mgb,0,0,0,0
ID_FBVDCV.mgb,0,0,0,0
ID_FNMLKG.mgb,0,0,0,0
ID_EBAFVX.mgb,0,0,0,0
ID_BBHQDM.mgb,0,0,0,0
ID_SGNHCD.mgb,0,0,0,0
ID_BMOTBZ.mgb,0,0,0,0
ID_XUBQXT.mgb,0,0,0,0
ID_FTAXBU.mgb,0,0,0,0
ID_SAUEVY.mgb,0,0,0,0
ID_UOOAPA.mgb,0,0,0,0
ID_YYOCYN.mgb,0,0,0,0
ID_UHJIFJ.mgb,0,0,0,0
ID_MBGIRZ.mgb,0,0,0,0
ID_JVEFEE.mgb,0,0,0,0
ID_MRASAT.mgb,0,0,0,0
ID_PTTKUH.mgb,0,0,0,0
ID_EFLZAC.mgb,0,0,0,0
ID_XAYTFP.mgb,0,0,0,0
ID_CEPPVK.mgb,0,0,0,0
ID_FNIOOK.mgb,0,0,0,0
ID_EWBQCC.mgb,0,0,0,0
ID_CMXVYQ.mgb,0,0,0,0
ID_PLZYXW.mgb,0,0,0,0
ID_PWPECK.mgb,0,0,0,0
ID_UMZXKJ.mgb,0,0,0,0
ID_IGDVEU.mgb,0,0,0,0
ID_TSSLAD.mgb,0,0,0,0
ID_PBEPTC.mgb,0,0,0,0
ID_ZPMIGD.mgb,0,0,0,0
ID_BUTTHJ.mgb,0,0,0,0
ID_BLOYRU.mgb,0,0,0,0
ID_FKSASE.mgb,0,0,0,0
ID_GDAVXE.mgb,0,0,0,0
ID_YNYVDX.mgb,0,0,0,0
ID_DDERSC.mgb,0,0,0,0
ID_KWBWRZ.mgb,0,0,0,0
ID_QNGYRG.mgb,0,0,0,0
ID_XNGQBZ.mgb,0,0,0,0
ID_OSGSTN.mgb,0,0,0,0
ID_PFCUWV.mgb,0,0,0,0
ID_TIKKOC.mgb,0,0,0,0
ID_BZSGLQ.mgb,0,0,0,0
ID_OSWRUL.mgb,0,0,0,0
ID_PANQZY.mgb,0,0,0,0
ID_BUHWGN.mgb,0,0,0,0
ID_UTASYL.mgb,0,0,0,0
ID_HHJOJF.mgb,0,0,0,0
ID_LKQWDV.mgb,0,0,0,0
ID_KNUZPA.mgb,0,0,0,0
ID_OMVAKT.mgb,0,0,0,0
ID_NDSJDA.mgb,0,0,0,0
ID_RWIORE.mgb,0,0,0,0
ID_KCDUYG.mgb,0,0,0,0
ID_DKLXBK.mgb,0,0,0,0
ID_DGMYWY.mgb,0,0,0,0
ID_OMCGWZ.mgb,0,0,0,0
ID_IEFQOC.mgb,0,0,0,0
ID_MFNEMR.mgb,0,0,0,0
ID_KVGOQK.mgb,0,0,0,0
ID_SHQXHO.mgb,0,0,0,0
ID_UAZQTA.mgb,0,0,0,0
ID_YUXJAI.mgb,0,0,0,0
ID_WFFAQL.mgb,0,0,0,0
ID_BGAGEX.mgb,0,0,0,0
ID_UZDQMH.mgb,0,0,0,0
ID_SFBLCM.mgb,0,0,0,0
ID_MUOGLX.mgb,0,0,0,0
ID_BSCLTL.mgb,0,0,0,0
ID_TNDXKP.mgb,0,0,0,0
ID_OZGWSO.mgb,0,0,0,0
ID_NKRJRE.mgb,0,0,0,0
ID_IRWALG.mgb,0,0,0,0
ID_UOSZZU.mgb,0,0,0,0
ID_ZPHTGI.mgb,0,0,0,0
ID_JHMOXA.mgb,0,0,0,0
ID_TRMAWK.mgb,0,0,0,0
ID_GNHNVJ.mgb,0,0,0,0
ID_THGEGJ.mgb,0,0,0,0
ID_BGAQPG.mgb,0,0,0,0
ID_KYILXT.mgb,0,0,0,0
ID_EUOCRC.mgb,0,0,0,0
ID_QBKVPR.mgb,0,0,0,0
ID_ZWUJFO.mgb,0,0,0,0
ID_GMAGLB.mgb,0,0,0,0
ID_JNZOKX.mgb,0,0,0,0
ID_YXBJNZ.mgb,0,0,0,0
ID_NXBDAW.mgb,0,0,0,0
ID_TWHCGX.mgb,0,0,0,0
ID_JRKXJK.mgb,0,0,0,0
ID_DTOEMP.mgb,0,0,0,0
ID_JOFKPL.mgb,0,0,0,0
ID_HHQNRS.mgb,0,0,0,0
ID_DRBNSZ.mgb,0,0,0,0
ID_HJFWMV.mgb,0,0,0,0
ID_KLRPRZ.mgb,0,0,0,0
ID_SFUMKA.mgb,0,0,0,0
ID_PAIYWE.mgb,0,0,0,0
ID_RWYITO.mgb,0,0,0,0
ID_JEQRYR.mgb,0,0,0,0
ID_EAWZFF.mgb,0,0,0,0
ID_ANSGID.mgb,0,0,0,0
ID_EFRAIW.mgb,0,0,0,0
ID_CXKXTY.mgb,0,0,0,0
ID_KQZHKZ.mgb,0,0,0,0
ID_DVNEFD.mgb,0,0,0,0
ID_ZQJSXK.mgb,0,0,0,0
ID_JKVAAC.mgb,0,0,0,0
ID_MOYCIS.mgb,0,0,0,0
ID_RUCXQY.mgb,0,0,0,0
ID_AGHEZK.mgb,0,0,0,0
ID_WLADEH.mgb,0,0,0,0
ID_TKNLZJ.mgb,0,0,0,0
ID_ZXNUDJ.mgb,0,0,0,0
ID_ORCSSL.mgb,0,0,0,0
ID_VOHMHD.mgb,0,0,0,0
ID_IDVKOX.mgb,0,0,0,0
ID_BMLXGW.mgb,0,0,0,0
ID_QRGJTL.mgb,0,0,0,0
ID_KYSBXX.mgb,0,0,0,0
ID_DPIERJ.mgb,0,0,0,0
ID_QCDDTP.mgb,0,0,0,0
ID_YZUYOS.mgb,0,0,0,0
ID_LPZBKI.mgb,0,0,0,0
ID_QZDQPX.mgb,0,0,0,0
ID_DIHNQA.mgb,0,0,0,0
ID_PPEGDJ.mgb,0,0,0,0
ID_XBBAGH.mgb,0,0,0,0
ID_FWTBNG.mgb,0,0,0,0
ID_IMWLHD.mgb,0,0,0,0
ID_KDUBNX.mgb,0,0,0,0
ID_MZJILQ.mgb,0,0,0,0
ID_XXVUFS.mgb,0,0,0,0
ID_CZUTBP.mgb,0,0,0,0
ID_UBEWPC.mgb,0,0,0,0
ID_HYWCAO.mgb,0,0,0,0
ID_GUQQOZ.mgb,0,0,0,0
ID_KIQVVD.mgb,0,0,0,0
ID_QRZZWA.mgb,0,0,0,0
ID_ECPNHL.mgb,0,0,0,0
ID_VHVEKC.mgb,0,0,0,0
ID_XIEMWG.mgb,0,0,0,0
ID_VEGQTZ.mgb,0,0,0,0
ID_RDHURE.mgb,0,0,0,0
ID_AFAEMB.mgb,0,0,0,0
ID_JODBGW.mgb,0,0,0,0
ID_RVUZXG.mgb,0,0,0,0
ID_GMYKDR.mgb,0,0,0,0
ID_XXEXGF.mgb,0,0,0,0
ID_MUKHHA.mgb,0,0,0,0
ID_TAXEGB.mgb,0,0,0,0
ID_JXCFZG.mgb,0,0,0,0
ID_WERGBL.mgb,0,0,0,0
ID_XFWNKY.mgb,0,0,0,0
ID_XYZFLF.mgb,0,0,0,0
ID_AUUTWM.mgb,0,0,0,0
ID_JECZIE.mgb,0,0,0,0
ID_IAUNPQ.mgb,0,0,0,0
ID_LINAMW.mgb,0,0,0,0
ID_LPZTPI.mgb,0,0,0,0
ID_EDUVCV.mgb,0,0,0,0
ID_VIFMCA.mgb,0,0,0,0
ID_VWSOLR.mgb,0,0,0,0
ID_AVMUKC.mgb,0,0,0,0
ID_BNMXEV.mgb,0,0,0,0
ID_CJIVXL.mgb,0,0,0,0
ID_SRRBVW.mgb,0,0,0,0
ID_AFBBWK.mgb,0,0,0,0
